id,submission_id,created_datetime_utc,author,score,body,sent,label
nei22km,1ni8ytm,2025-09-16T10:38:08+00:00,Tgrattan123,1,"Sydney was the last team to lose a final against Fitzroy in 1986. 

With the exception of the merged Brisbane Bears, Gold Coast (whose first finals series was this season) and Richmond (last final was the 1977 Elimination Final) Sydney has faced every club in a final at least once as Sydney.",-0.4019,neg
nehuevw,1ni8ytm,2025-09-16T09:26:38+00:00,Math_Opening,1,"I was also gobsmacked that Richmond and Footscray have **never** played in a Final, given they were both in the VFL from 1925 onwards - 101 seasons. A big part is that they both had extended Finals droughts that overlapped: Footscray from 1962 to 1991 (only three Finals campaigns), Richmond from 1983 to 2012 (only two Finals campaigns).",0.34,pos
neh8828,1ni87r6,2025-09-16T05:45:18+00:00,Vet100,1,"I‚Äôm not convinced that any club would give him a full-time midfield role. Potentially Adelaide for the short-term while Draper & Curtin develop their games. 


But he‚Äôs on a big contract, he is a poor field kick, he is 27‚Ä¶you can rule out the other rebuilding clubs, all of Richmond/West Coast/Melbourne will prioritise youth & regeneration, with any senior players coming as value picks. St Kilda have had to look at phasing out one of Macrae or Steele already. Essendon maybe but do they really want to flick a first rounder from Merrett for a player of Simpkin‚Äôs ilk? I can‚Äôt imagine we‚Äôd give him up for less. No other club is it really worth mentioning as he would not get a look in.",-0.0927,neg
neh8xxh,1ni87r6,2025-09-16T05:51:52+00:00,AmbassadorShade,1,"At Richmond we need to go to a Five Captain model so these events don‚Äôt hurt us.  

‚ÄúFour left‚Äù or ‚Äúthree left‚Äù would be good coping for the supporter base.",0.1531,pos
negs76i,1ni6ty3,2025-09-16T03:38:46+00:00,woodie1717,60,The GC and Richmond back and forth trade line continues,0.0,neu
nehblsr,1ni6ty3,2025-09-16T06:16:33+00:00,Spare_Lobster_4390,2,"If he comes to Richmond we will have 2 Jnr's on our list.

Is that a record?

And can his knick name be 'Guns & Rosas'?",0.0,neu
neh9h2o,1ni6ty3,2025-09-16T05:56:42+00:00,Sean_Stephens,1,"Richmond get the players, Gold Coast get the coaches",0.0,neu
neh02sb,1ni6osg,2025-09-16T04:37:31+00:00,Pretend-Device-91,1,30 years since the merger is more important.  We should wear the Fitzroy emblem if we play Richmond in melbourne,0.5413,pos
neg9yss,1ni4emj,2025-09-16T01:43:50+00:00,twiganthony_L_cigar,46,"Tigers is pretty easy I reckon: Dusty, Cotchin, Rance, Riewoldt, Richardson",0.7269,pos
negdtx7,1ni4emj,2025-09-16T02:06:24+00:00,Woodes_Rogers,2,"Pendles, Sidebottom, Swan, the Second incarnation of Jesus Christ and the man who may have prevented a Richmond 4-peat",0.0258,neu
nef3gv1,1nhpx29,2025-09-15T21:37:49+00:00,laserframe,14,"I don't think you really have past cases like this one.  He might be 30 but he Essendons best player, captain, contracted for 2 years and given their age demographic a crucial member given the experience he yields.

Sure if you are say a Richmond or West Coast Zac isn't worth much to try and trade for but to the Hawks who at the very least will be a preliminary finalist this is a bloke who could add the finishing touches to give you a list to win a flag with.  If Merrett wins you a flag then you pay up the pick 8 and future first and Essendon still may not take it.",0.9645,pos
nebhvft,1nhgont,2025-09-15T09:46:23+00:00,captwombat33,3,Do you think he would still regret choosing the Pies over the Tigers?,-0.4215,neg
nechzyo,1nhgont,2025-09-15T13:58:10+00:00,No_Independent936,-1,"I remember Richmond belted Collingwood by almost 100 in 2015 and Treloar thought Collingwood had the better team fsr. People say he deserves a premiership but with that type of ignorance, he clearly does not.",0.3071,pos
neevo2b,1nhgont,2025-09-15T20:54:49+00:00,Particular-Pace-4629,1,"What did you want him to say 

""I chose Collingwood but I thought the tigers were closer to the flag""",0.0387,neu
neg3xeh,1nhgont,2025-09-16T01:08:26+00:00,No_Independent936,1,If he wanted to choose the team with the better list then he should've chosen Richmond,0.4404,pos
negca0h,1nhgont,2025-09-16T01:57:26+00:00,No_Independent936,1,Yet they won 0 flags to Richmond's 3 when Treloar was around.,0.5719,pos
nebhxqw,1nhec4v,2025-09-15T09:47:01+00:00,DigbySugartits,4,"Why *rightly*?  Can you provide an example of another player who was 30 and in contract who received similar?

Bolton was 4 years younger with a longer contract.  He went for 10 and 11 and downgraded a pick.

Luke Jackson was 8 year younger and went for 13, F1 and F2.

Shit, port spent 2 firsts, a 2nd and junk for JHF and Rioli!!!

You dont get to just demand more because of emotion lol.  

It will be a first, a 2nd and a fringe player.  Essendon's players have contradicted their board and lkilled their leverage.  They need Zac more than we do.

I dont remember Richmond fans behaving like babies when Bolton and Rioli left for success, or Port fans when Houston asked to leave.  All of which were under contract.

  
This sub has completely lost grip on reality.  Essendon fans having pure tantrums and oppo fans just gettingt he shits that Hawthorn might improve.  Completely cooked.  Downvote away",-0.6284,neg
nebmwi3,1nhec4v,2025-09-15T10:33:28+00:00,Insertbloodynamehere,2,"Big victim mentality for a team not in the top 4 of being hated here. Collingwood, Richmond, us and Geelong are far less popular in a regular year.",-0.6581,neg
neadlsp,1nh9qry,2025-09-15T03:31:30+00:00,haydigan,7,And then the Tigers won the flag the next year.  Bombers premiership favourites for 2026 confirmed,0.5719,pos
nea9awl,1nh9ecv,2025-09-15T03:02:40+00:00,superjaywars,3,The UPF (pre-cursor to the NSN) unfurled flags at a Collingwood game and a Richmond game about 8 years ago. That's the last I remember that was this-adjacent.,0.0,neu
nebc4on,1nh7uvk,2025-09-15T08:47:00+00:00,NefariousnessCold337,1,"- Richmond pick 6 for an injury prone Dion Presta. Don't think he ever played a full season up to that point.


Geelong being forced to trade for Jeremy Cameron who at the point had his worst season to date. And who know if that was a one off or was the where Cameron was now.

Think Collingwood gave a first for Bobby Hill who at the time had one good season to his name.",-0.6808,neg
ne54u0f,1ngna0w,2025-09-14T09:59:48+00:00,Tommmmy__G,57,Unsure if as a Richmond supporter I can get behind Geelong,0.0258,neu
ne5az3s,1ngna0w,2025-09-14T10:58:17+00:00,Skiapodes,2,"You heard ‚Äòem, Tigers and Swans. Get the hoops out.",0.0,neu
ne5d0cn,1ngna0w,2025-09-14T11:16:03+00:00,sltfc,8,"I grew up in Richmond, I've got a soft spot for you guys. Feel like you celebrated well without being too cunty.",0.7579,pos
ne5pr8y,1ngmuln,2025-09-14T12:49:42+00:00,Plenty_Area_408,3,"Merrett would also want to be able to veto any trade to Eagles, Richmond, dees, Carlton ect.",0.0772,pos
ne55iyj,1ngmuln,2025-09-14T10:06:39+00:00,batch_plan,4,Dude no-one went for Richmond until they started winning. Will interesting to see how many stick around for the rest re-build,0.7269,pos
ne9u9rd,1ngkj3h,2025-09-15T01:30:08+00:00,No-Bison-5397,1,Also true but Brisbane have been a top level team longer than the Tigers were at this point.,0.4767,pos
ne4k2wk,1ngjpw6,2025-09-14T06:41:10+00:00,BusinessPooh,29,i remember back in like 2019 at a richmond game they found a guy who was busy reading something so it went for a couple minutes before some kid ran over to him,0.3612,pos
ne8u406,1ngjpw6,2025-09-14T22:00:29+00:00,Anxious-Rhubarb8102,3,Richmond does this at home games.  A classic a few years ago was with the camera focused on a guy on his phone when another comes up behind him and drops his pants for a brown-eye.  The director took a couple of seconds to change the camera to another person.,0.3818,pos
ne54iln,1nghzjl,2025-09-14T09:56:39+00:00,Propaslader,5,"2001: **Brisbane** vs *Essendon*

2002: **Brisbane** vs *Collingwood*

2003: **Brisbane** vs *Collingwood*

2009: **Geelong** vs *St. Kilda*

2011: **Geelong** vs *Collingwood*

2012: **Sydney** vs *Hawthorn*

2018: **West Coast** vs *Collingwood*

2020: **Richmond** vs *Geelong* @ Gabba

2021: **Melbourne** vs *Western Bulldogs* @ Optus

These are all the interstate (and Geelong) teams who have won the grand final against a Melbourne based club since 2000. I've included 2020 and 2021 as all Vic teams played finals interstate. 

It seems there are enough examples in the past 25 seasons to suggest that it isn't ""the most one sided advantage/disadvantage"" in sports history. It appears it just depends on how good the team is and how well they match up to their opponents, regardless of where it's played",0.9382,pos
ne5420l,1nghmwk,2025-09-14T09:52:04+00:00,theveryrealJARED,10,what do you mean? everyone agreed tom lynch was a dog when he left gold coast for richmond,0.2732,pos
ne4myi8,1ngh93l,2025-09-14T07:07:09+00:00,Narrow-Note6537,60,"So many threads on this theme, but the reality is equalization has worked. 

- Melbourne could‚Äôve had a dynasty, but kind of fucked it
- Richmond won 3 premierships
- Sydney have made more GFs than anyone
- Adelaide have many times been touching distance (05,06,17,25)
- Port have made plenty of top 4s
- Bulldogs have made 2 grand finals, and gone far in finals
- St Kilda were arguably the best team for 2 years in this period 
- GWS have made a GF and been very close to others
- WC have won 2, lost 2
- Fremantle have made 1, and made a couple other PFs
- GC are still new, but improving now
- North have made PFs
- Carlton‚Ä¶ have looked.. ok at periods
- Essendon",0.9559,pos
ne3ztpw,1ngfnoh,2025-09-14T03:52:59+00:00,GreenOnions69,1,Would love for Richmond to win this so we're one step closer to no teams being winless or undefeated at the end of this round but i don't think it's happening,0.5267,pos
ne41ltq,1ngfnoh,2025-09-14T04:06:13+00:00,DVolition77,7,I love the Tigers - but this is very hard to watch. Tigers now goalless in 6 of the last 8 quarters of football. Sorry to say but whatever he‚Äôs doing isn‚Äôt working.,0.0285,neu
ne4fajn,1ngfnoh,2025-09-14T05:58:55+00:00,GreenOnions69,1,Only 1 win and 6% outside the 8 in 2023 tbf. This year they're way off but I think it's more that they started on the wrong foot and have struggled to right the ship because of a tough fixture. Richmond were the worst 2020 expansion side but are now the most successful one and I think that's a good enough reason for a one year extension.,-0.4138,neg
ne4fx00,1ngfnoh,2025-09-14T06:04:21+00:00,GreenOnions69,0,"Only making finals every second year. God forbid. Richmond was absolutely nowhere before he became coach, I'd say he's done pretty well to get them as far as he has. It's also a one year extension which is a pretty clear message that if he doesn't right the ship he's gone. Seems like a big overreaction to me.",0.8934,pos
ne4hr38,1ngfnoh,2025-09-14T06:20:20+00:00,helloworld1313,1,"Yeah fair enough I'll take that. I admit a lot of my frustration stems from the lack of comms from the club management.

Between scrapping their VFLW team in COVID, to then axing the partnership with Port Melbourne VFLW this year, no real communication about the Sheerin trade, Yassir wanting out - and then not announcing Ferguson's resigning on their website, socials or in our email comms to members, instead just letting it quietly be announced by AFLW hoping it goes under the rug. All of it combined over recent years just leaves a bit of a bad feeling on the overall management

I think I'm just frustrated with the club's lack of communication on what the plans are to move forward, build depth, and improve. If Richmond had actually made a proper announcement and statement about Ferguson's signing and what the ambition is, I would feel much more confident for the future. Instead it feels like they're saying ""hopefully no one notices it asks us a question""",0.4327,pos
ne58w1c,1ngfnoh,2025-09-14T10:39:06+00:00,GreenOnions69,1,"The worst team in the league? Richmond has won 11 games since the start of the 2023 season, GWS has won 4. You don't become the worst team in the league in 5 games when another team has lost 21 games out of 25 lol. Get real.",-0.0772,neg
ne5lhsm,1ngfnoh,2025-09-14T12:21:06+00:00,DangerousRoy,1,"I don‚Äôt know what to tell you, a poor start is only a ‚Äúpoor start‚Äù if you turn it around later in the season, sometimes the team is just bad. And if you think this Richmond team is gonna come good by the end of the year you are mistaken.",-0.7351,neg
ne3cmin,1ngdhfq,2025-09-14T01:20:45+00:00,mjdb87,3,"As an Australian who has started following Baseball and The Dodgers recently after seeing a game over there I say welcome and enjoy. 

Collingwood are big rivals of my team Richmond but they have a fantastic squad and are great to watch in full flight.",0.9398,pos
ne382zr,1ngdhfq,2025-09-14T00:52:46+00:00,brodyonekenobi,8,"Welcome dude!

Collingwood are the big BIG team of the competition - think New England Patriots, Manchester City, Barcelona FC or the New Zealand All Blacks. You'd have no problem supporting them and getting success but they are universally hated as a result.

If you want something similar but without as much universal despise, something like Geelong (always plays finals), Sydney Swans (consistently pops up for a grand final) or Richmond (massive club and just finished a 3 premierships dynasty) is a better shout.

For something obscure, join one of the smaller, mall neutral-fan accepted teams.",0.9143,pos
ne3ez8v,1ngdhfq,2025-09-14T01:35:30+00:00,DozzaTheDestroyer_10,4,"Welcome, man. If you're looking for ongoing success, I recommend supporting Collingwood, Geelong, or Brisbane. If you're looking for upcoming success in the next few years, I recommend following Gold Coast, Gws, St Kilda, Richmond, or Hawthorn. If you're looking for just a casual team that isn't too flashy but not too trash, I recommend following Fremantle, Port Adelaide, Bulldogs, Sydney, or Adelaide. If you're looking for constant disappointment, follow Carlton. Hopes this helps.",0.9437,pos
ne4vnfx,1ngdhfq,2025-09-14T08:28:46+00:00,t-4y,1,"There's no bad choice and you can support whoever you like! üòä But I can give you the lowdown on the Pies.

Collingwood (Pies) have a huge fanbase, the second largest to the Swans, so you'll have company that's for sure. They're the popular ones.

Collingwood are considered a good team, they're recent grand final winners and they're into the semi finals this year, so you shouldn't have to worry about them being knocked out of the ladder too early (at least for now).

Collingwood are based in Melbourne, so if you're not Melbourne based or you're in another state, you might not have as many opportunities to watch them play on home soil, or you might not have as many local comrades if you're backing Collingwood over your local team - take it from me a Pies supporter in Sydney üòÇ

Collingwood have a reputation for inconsistent and nail-biter games. My friends and I joke that Collingwood will enter the final quarter 40 points ahead and somehow manage to just squeak by. They love to be super far behind and make huge comebacks, or be leading by a mile and fumble it. They're not for the faint of heart! (Swans also have a reputation of dominating the ladder then fumbling it at the very end).

Collingwood are direct rivals with Carlton and Richmond, so if you for some reason enjoy those two teams or live in those suburbs, Collingwood might not be the team for you. I've gotten mean looks walking around Carlton with a Collingwood gersey on.

Collingwood's star player is Bobby Hill, if there's something about Bobby Hill you don't like you'll struggle to fit in because he is God to Collingwood fans.

And lastly, as I mentioned, Collingwood have a huge fanbase, so if you're looking to root for the underdog or a smaller team, then they wouldn't be for you.

But overall, AFL is a very peaceful and respectful sport, there's no ""bad"" team or malice between teams and fans. You're never going to be cast out for supporting any one particular team. Welcome to the AFL family!",0.998,pos
ne4lqab,1ngci20,2025-09-14T06:56:01+00:00,Swuzzlebubble,2,"The week before at the G was super loud when Carlton stole it at the end.
That's really only been compared to one of the Richmond efforts¬†",0.5994,pos
ne4dbc6,1ngci20,2025-09-14T05:41:59+00:00,slowover,1,I think its 2 wins 2 losses all away from home - broadly similar to our 55% away win rate for the year. Considering the losses were Geelong and Brisbane you cant blame the jersey colour (wins were Richmond and N Melbourne).,0.6293,pos
ne3ry4x,1ngbua6,2025-09-14T02:58:51+00:00,gregsamuels87,-1,Richmond also lost their QF in 2020 from 3rd spot‚Ä¶just saying,-0.3182,neg
nebagj0,1ngbua6,2025-09-15T08:29:23+00:00,Segfreid_,1,What about Richmond in 2018?,0.0,neu
nebajjn,1ngbua6,2025-09-15T08:30:18+00:00,Plenty_Area_408,1,Richmond Def Hawks in the QF.,0.0,neu
ne2x4qw,1ngbid7,2025-09-13T23:45:36+00:00,Kummakivi,12,"Dusty, Reiwolt, Cotchin back to Richmond, 10 years younger again.",0.0,neu
nehwrr1,1ngbid7,2025-09-16T09:50:03+00:00,Happy_Piccolo_247,1,Gawn to richmond!,0.0,neu
ne2y63e,1nfw4cf,2025-09-13T23:51:44+00:00,Ray57,5,"Actually it's ... Brisbane!

Team | Total_BAC_percent
---|---
Richmond | 0.807981745090177
Hawthorn | 0.707308993453616
Geelong Cats | 0.692308987788118
Collingwood | 0.47365223052736
Brisbane Lions | 0.406402513674205
West Coast Eagles | 0.338654496726808
Melbourne | 0.30432724834924
Sydney Swans | 0.233654496726808
Western Bulldogs | 0.229327248363404
Port Adelaide | 0.0493272483634041

If the last 24 years was a 24hr-long drinking session and each club mascot sculled a bottle of vodka on their hour of glory: this would be how pissed they'd be.",-0.2481,neg
ndzj4l9,1nfw4cf,2025-09-13T13:00:14+00:00,NuuuDaBeast,10,if you're crediting 7 straight years of making finals (not this decade) that means you're including the Richmond era,0.3612,pos
ndzlfqk,1nfw4cf,2025-09-13T13:14:20+00:00,Pretend-Device-91,-7,"Yeah you answered for me pretty much , it‚Äôs since 2020 so the mother 13 years are irrelevant , 2020 still inexperienced and beat future premiers Richmond . While in the 2020 grand final , at the time perennial prelim final chokers Geelong who finally made it back to the GF blew it in a different way  , even in 2022 Geelong were probably the best team this decade but the lions still had 2 finals wins as a team expected to get bounced first week , so yeah Brisbanes failures of 2020 of 2022 don‚Äôt even compare to the Geelong failures of 2021 and 2023",0.7475,pos
ndzxhzq,1nfw0fo,2025-09-13T14:24:16+00:00,DJHitchcock,3,"Also features Carlton beating Richmond from 9th, Geelong‚Äôs Grand Final over Port and St Kildas only flag.",0.0,neu
ndzcnee,1nfvyuw,2025-09-13T12:17:47+00:00,Darth_Lehnsherr,22,"First reigning premier to win a final since Richmond in 2020. Should be a cracking prelim final and I'm sure Brisbane will be in most people's minds as underdogs but there's no reason they can't win. Neale's loss while big has been a tad overstated the midfield without him beat Freo, Hawthorn and Gold Coast's midfield. 

Gold Coast still a fantastic season I reckon the Essendon game did tell in the end with their lack of run towards the end. They'll be scary next year when you also include their academy players.",0.761,pos
ndzqwbh,1nfvyuw,2025-09-13T13:47:06+00:00,default99,4,"Yeah i suspect Dimma is building them into a beast like he did with the Richmond team a few years ago, they are going to be great the next few years and will certainly have a pull for bringing in good players with the coach and playing group being strong as still pretty much developing.   
  
Good to see them finally make finals this year, I'm sure the AFL was starting to worry about them. I think i will be hating on them very soon",0.9531,pos
ne0jge7,1nfvyuw,2025-09-13T16:13:18+00:00,SlipperyBandicoot,1,3-1 against Dimma in finals now. (Including beating Richmond in the 2020 Qualifying final before they went on to win the GF). The only team to beat Richmond in finals in their three premiership years.,0.2023,pos
ndzdha7,1nfv7gd,2025-09-13T12:23:31+00:00,tyr4nt99,40,"No they haven't. The last 10 years has only seen one repeat winner and that club, Richmond, hadn't won a flag in 37 years. In the last 24 years 2 new clubs entered which will skew the stats as well. It's also not the AFLs fault that certain clubs have poor planning, strategy or policy that means they aren't seeing success and players leave.",-0.3045,neg
ne2xhyn,1nfv7gd,2025-09-13T23:47:45+00:00,Outriderr,9,"I‚Äôm getting sick of this even competition BS. The everyone gets a turn idea is rubbish. Every club gets the same opportunity to recruit, attract free agents, develop players (biggest part), trade and rebuild. Some clubs can do it on the fly (Geelong/Sydney) and others go the full rebuild (Richmond/North). Problem is, stuff the rebuild and you‚Äôll spent the better part of 8-10 years rebuilding.

If your club isn‚Äôt right off field (Essendon, Carlton, Eagles e.t.c) you simply aren‚Äôt going to compete at the optimum level. My club Brisbane was a great example of it, we were a basket case off field and it reflected on field until Swan, Fagan, Noble, Daly and Co got on board and fixed it. Everyone focuses on the list however off field is probably more important to get right than on field.",0.9286,pos
ne2oipe,1nfv7gd,2025-09-13T22:56:26+00:00,Familiar_Degree5301,1,"These teams seem to recruit well and peak when needed (finals time) would really like to know what the secret elixir is that makes Geelong, Brisbane, Richmond, Hawks etc. grow a leg come finals.",0.5984,pos
ne4oi3h,1nfv7gd,2025-09-14T07:21:38+00:00,No_Independent936,1,"That's nothing compared to the late 60's right until 1990 when the competition was dominated by Carlton, Richmond and Hawthorn. Collingwood were always up there but choked while North and Essendon had their small patch but only 5 different teams won a flag for a 22 year period",0.3291,pos
ne1z1h2,1nfv7gd,2025-09-13T20:34:21+00:00,TheHickeyStand,29,"It‚Äôs a great observation and I think it shows OP‚Äôs leading question is missing a few things. Namely that luck and mismanagement still plays a part in all of this. 

If you‚Äôd told me in 2001 that Geelong and Sydney would be two of the dominant teams of the next 20 years and that Essendon and North Melbourne would be two of the worst performed teams I‚Äôd have laughed you out of the room. 

But the Bombers and the Roos in particular have been victims of poor draft choices, poor management, poor decisions off-field. The AFL can only do so much. 

A team like the Tigers are great example of different management strategies. They‚Äôve finished on top once on this period, only played five prelims, but won three flags - one fewer than the Cats, Lions and Hawks but one more than the Magpies. And now they‚Äôre on the way down again. 

The Lions? They were a laughing stock less than a decade ago. The Hawks? They haven‚Äôt won a flag in a decade. 

And there‚Äôs teams like the Power who should have won a flag with a little more luck. The Blues and the Demons, who are a mix of unlucky and poor management. 

I just think it‚Äôs a very simple way to look at things to say that equalisation doesn‚Äôt work.",0.9807,pos
ne3o4ky,1nfv7gd,2025-09-14T02:34:03+00:00,wcadams88,0,Always a Richmond supporter,0.2732,pos
ne05pxx,1nfv7gd,2025-09-13T15:05:46+00:00,Annual-Okra4059,18,"Agree, people just love to whinge about anything.

Crickets when richmond, dogs and melbourne all ended their premiership droughts within 5 years of each other",0.7717,pos
ndz9d5o,1nfv7gd,2025-09-13T11:54:42+00:00,Albeg2,72,"How long though? If 10 years then it's 2 hawks, 1 dogs, 1 pies, 1 eagle, 1 dees, 1 cats and 3 tigers. 7 different wins in past 10 years doesn't feel bad.",0.7615,pos
ne3894y,1nfv7gd,2025-09-14T00:53:47+00:00,Ok-Sentence8193,6,What it does prove is that many factors go into a premiership winning team. Just as important as players/welfare/coaches/performance/medical is Front Office. I mean how fortuitous was Brendon Gale & Peggy O‚ÄôNeal‚Äôs decision to persevere with Damien Hardwick after the 2016 review ?? If he was sacked would Richmond have won multiple premierships with a new coach ?? Would Dusty have re-signed after a Hardwick sacking ?? Serendipity plays its part as does an astute Front Office. I support the Lions ü¶Å and we badly needed a Front Office overhaul before we could think about a premiership. Part of Carlton‚Äôs woe is a historical Front Office dearth of leadership. All parts make up the tapestry of a great club.,0.8577,pos
ndzi7sn,1nfv7gd,2025-09-13T12:54:36+00:00,WearyScrabbler,15,"You've missed last year I think, and counted 2014-23.
So add in Lions in place of 1x Hawks. 8 winners in 10 years with Richmond as the only repeat. 

I do technically still agree with the original 25 point though haha",0.8271,pos
ne3nbew,1nfv7gd,2025-09-14T02:28:36+00:00,dwadley,1,"Tigers, dogs and dees broke huge premiership droughts",-0.128,neg
ne3v1sa,1nfv7gd,2025-09-14T03:19:34+00:00,wcadams88,0,Haha who says I didnt? Just mentioned everytime there is a Cats story Richmond supporter have the worst take loll. Good luck remaining an irrelevant club for the next 30 years,0.7096,pos
ndzg0d1,1nfv7gd,2025-09-13T12:40:25+00:00,StockholmSyndrome85,4,"I grew up in Perth but have lived in Melbourne for nearly a decade so I've got to see both standpoints. 

Melbourne during grand final week is awesome. The entire city is up, it's incredible. There's a party atmosphere here, partly to do with winter being over and the days getting longer but it's a proper event. Which the Vic government gives the AFL a lot of money for. 

BUT. 

It's clearly biased but it's not even Vicbias (TM). It's Collingwood, Carlton, Essendon and Richmond bias. With smatterings of Hawthorn and Geelong thrown in. Everything is geared towards them being successful, the fixture, the coverage, everything. It's a self licking ice cream. 

The fact it was unilaterally decided by the AFL without consultation to extend for thirty years at one venue that those four big clubs play at every week, it all gives them an advantage.",0.9764,pos
ne314io,1nftsut,2025-09-14T00:09:45+00:00,CrispyJimJam,2,"One of Fagans key pillars is kicking. 

He has stated many times that the fastest way to move a football is to kick it. So his philosophy is based on balancing that control and aggression with kicking decisions. 

For a few years we were a much more controlled kicking team, defending by lots of sideways kicking. 

But recently we have used kicking as a form of aggression, mainly due to Dayne Zorko. 

That's in contrast to some run and handball teams, GWS and peak Richmond come to mind.",-0.5267,neg
ne3xj1t,1nfsnkg,2025-09-14T03:36:46+00:00,winterpassenger69,0,I did the Collingwood one the year they beat Richmond . It wasn't at mcg tho it was across Bridge at tennis centre. From memory people were dressed nice,0.4215,pos
ndyqoyx,1nfrt5h,2025-09-13T09:06:59+00:00,Created_By_InGen,6,Eatem Alive Richmond Suns!,0.4389,pos
ndysb1m,1nfrt5h,2025-09-13T09:23:21+00:00,Created_By_InGen,2,Suns coaching box littered with Richmond Royalty,0.0,neu
ndzaf8p,1nfrt5h,2025-09-13T12:02:20+00:00,MediumForeign4028,2,"I didn‚Äôt mind dimma as coach of Richmond, but for whatever reason can‚Äôt stand him at the suns.",0.0,neu
ndywdd7,1nfrt5h,2025-09-13T10:03:26+00:00,PKMTrain,1,"¬†I'm with some randoms from the races at the pub


A North fan a Richmond fan and Essendon fan",0.7096,pos
ndz5yk8,1nfrt5h,2025-09-13T11:28:32+00:00,shocking_red_4,1,Dimma hasn‚Äôt won a final without Richmond‚Äôs help since 2004.,0.3489,pos
ndz1fbk,1nfrt5h,2025-09-13T10:50:10+00:00,Bobblefighterman,2,"Should have been on the Tigers selection committee.  Always rated him, even before his draft.",0.0,neu
ndys6ei,1nfrt5h,2025-09-13T09:22:02+00:00,PKMTrain,1,Richmond to Southern Cross vs Robina to Southbank,0.0,neu
ndyt8vl,1nfrt5h,2025-09-13T09:32:53+00:00,doshajudgement,2,"while you're there, you can relive the memory of richmond's most recent premiership (which they won in Queensland, obviously)

clearly the heart of football, other states just don't understand ball",0.7506,pos
ndy0n3p,1nfm141,2025-09-13T05:01:32+00:00,dphi0001,3,Feels a lot like the men‚Äôs 2024 season with that random loss to Richmond lol,0.4588,pos
ndxg5tc,1nflpg8,2025-09-13T02:33:06+00:00,kazoodude,2,"Especially when the players are publicly saying that they aren't happy with him. It should be a mature, ""we want him to stay and he's contracted. I think we'll convince him to stay and we won't trade him unless we find a deal that is best for our club"" 

Richmond has a heap of players jump ship last year and they just took the picks and ran and had an impressive start to their rebuild.",0.8625,pos
ndxrxto,1nflpg8,2025-09-13T03:54:42+00:00,Davichitime,14,"Hardwicks early years at Richmond were rough and almost got sacked in 16. Richmond had just enough patience to keep him for 17, which I hardly doubt the bombers would have.   

If he was at the bombers instead of knights he would have suffered the same fate.",-0.6605,neg
ndxx40h,1nflpg8,2025-09-13T04:33:36+00:00,Noonewantsyourapp,3,"Richmond had a good number of well-rated veterans, and just needed more good youth to start rebuilding. Essendon is if anything the opposite of that. Already young, with few well-rated veterans.¬†",0.7269,pos
ndxt0i9,1nflpg8,2025-09-13T04:02:29+00:00,AndrewTyeFighter,8,"Essendon fans after the club appoints Matthew Knights as coach - ""He has never won anything in his life, why bring him and his loser-Richmond culture to the club?""

Essendon after Richmond wins just one flag - ""gotta collect 'em all!""",0.2486,pos
ndxurnh,1nflpg8,2025-09-13T04:15:37+00:00,BusinessPooh,4,probably shouldn‚Äôt have gone for the guy who was quietly pushed aside for balmey then (might‚Äôve been sacked if balmey didn‚Äôt play with dan‚Äôs dad at richmond),0.34,pos
ndwymw6,1nfjh3g,2025-09-13T00:43:02+00:00,tbot888,10,"We have too much uncertainty to feel optimistic.

One huge list of ACLs isn‚Äôt a bad injury list, it‚Äôs diabolical. ¬†And some might not come back the same players. Some won‚Äôt do a preseason abd be lucky to play in 2026

Our senior group is in disarray led by the captain, ruck and a best and fairest winning defender all out or wanting out.

Essendon is where Richmond is at without the picks in a ‚Äúsuper draft‚Äù.

We will be bottom 4

And a club fan base who hasn‚Äôt even seen a finals win in 20 plus years ain‚Äôt feeling optimistic about one. ¬† We are easily clearly behind a dozen sides on our best day. ¬† A mountain of work to do",0.9783,pos
ndx3784,1nfjh3g,2025-09-13T01:11:18+00:00,ShorthairSasquatch,4,"They call it a super draft because all the top teams will get better with all the matches bids for top rated academy prospects.

Only people walking away from this draft happy are West Coast, Tigers and finals teams with academies.",0.936,pos
ndwdgsf,1nfgvph,2025-09-12T22:37:13+00:00,Hot-Avocado789,10,Black Diamond was as close as i got to professional AFL...Go Gosford Tigers.,0.34,pos
ndwdvtn,1nffj0o,2025-09-12T22:39:36+00:00,Critback,28,Bruce Monteath captained Richmond to the 1980 premiership but notoriously sat on the bench more than he played.,0.5416,pos
ndxbgj3,1nffj0o,2025-09-13T02:02:50+00:00,theveryrealJARED,5,"he was a very good player, hard to win awards when you're playing for that Richmond team",0.8787,pos
ndtc19o,1nf36a6,2025-09-12T13:36:35+00:00,pala_,3,"Why wouldn't you look to the objectively funny 2013 occurrence when 9th placed Carlton was gifted a finals spot after Essington was docked points, and then eliminated 5th placed Richmond, before being eliminated by Sydney as an example for a 'wildcard' effect.

Let me know if you need to know how that finals series ended up.",0.4404,pos
ndwvpyj,1nf1r07,2025-09-13T00:25:04+00:00,bdm68,1,"Hawthorn shouldn't get their hopes up of winning the flag, at least not yet.

* The last time a team won a premiership from the lowest place in the finals was in 1969 when Richmond won the premiership from fourth.
* The last time such a team made the Grand Final was in 1988 from fifth in the final five. It never happened under the final six systems and hasn't happened yet under the final eight systems.",0.871,pos
ndwm8qh,1nf1r07,2025-09-12T23:28:23+00:00,shporto,3,North were not a true 8th place team that year. Coming into the last round they had Richmond and with a win would have gone to 7th and made Richmond finish 6th. They rested 9 senior players and made Harvey sub. Lost by 40 points then played Richmond (now 5th) again in the Elimination Final and won.,0.7405,pos
ndt406q,1nf1r07,2025-09-12T12:52:27+00:00,rustyfries,0,"It'd also be the first Collingwood vs Hawthorn Grand Final. Between 1975 an 1991, Collingwood and Hawthorn played in all but 1 grand final without meeting in any of them. (1982 Carlton vs Richmond)",0.7717,pos
ndszbhn,1nf1ohj,2025-09-12T12:25:07+00:00,default99,2,"""This is the way the Croms season ends / Not with a bang but a whimper""   
  
Rough ending to the year for the Croms.   
Could that be demoralising enough to impact next year?   
Bad enough for players to leave the club? Maybe the begging of a slide down the ladder, player revolt, coach sacked - something to look forward to next year.    
15th to 1st in one year and back to 15th in 26?   
   
After that GF against the Tigers they shat the bed from memory, maybe it won't be that bad but its been a sad way to end the season, they do have a recent history of some weird stuff in prep or off season.   
Can't wait for the reasonable comments from Adelaide fans online",-0.8408,neg
ndszc75,1nf1ohj,2025-09-12T12:25:14+00:00,VulpesVulpe5,1,Someone‚Äôs going to drop a Hawks x Tigers mashup to truly rub salt in the wound,0.2023,pos
ndsyjm0,1nf1ohj,2025-09-12T12:20:31+00:00,Jeffmister,163,One where the ~~Richmond~~ Hawthorn theme song is played on a loop...,0.34,pos
ndt5p0t,1nf1ohj,2025-09-12T13:01:55+00:00,weinertorn,2,LOTY Stiff competition from Carlton losing to Richmond before the first round,-0.3818,neg
ndt3ifh,1nf1jiv,2025-09-12T12:49:38+00:00,Look_DePlaneDePlane,-4,"As a Richmond supporter I couldn't be any happier than to see the Crow's get unceremoniously dumped out of the finals in straight sets. The way they capitulated both weeks brings unrequited joy to my heart and totally makes up for the season we had. I used to hate Collingwood w when I was growing up but after the way Taylor Walker behaved with his pathetic lack of sportsmanship during his speech post match when we won the 2017 premiership made me hate them more than I ever hated Collingwood. That they completely imploded as a club was one of the funniest things I've ever seen in my 62 years and I'm hoping that this meek exit will get into their heads and have the same effect cause there's nothing better than seeing  the Adelaide Crows in disarray. That being said, watching Port Adelaide fail is almost as enjoyable. Both of them pretenders lol",-0.8253,neg
ndt74so,1nf1jiv,2025-09-12T13:10:01+00:00,ResponsibilityBig472,2,"I hope you‚Äôre having a really terrible night sir / madam.

I say we achieve an A+ because we came 15th last year, and looked totally out of sorts.

We were not thumped both weeks, even if we should have been, it was just a couple of kicks in both.

There were 6 players with finals experience, wait until richmond plays in finals again and you can‚Äôt do shit either because you have no players with finals experience. I hope it hurts badly when you go out in straight sets next time.

Least tex doesn‚Äôt punch players in the head from behind.",-0.7713,neg
ndtbb6h,1nf1jiv,2025-09-12T13:32:40+00:00,Mastema13,5,"Man, for a tigers supporter how does the team you beat in 2017 live so rent free in your head. Your all through this thread spouting off. You havent got much goin on elsewhere do you?",0.6887,pos
nd1s8sv,1nbdcq9,2025-09-08T07:51:10+00:00,rfarlz,1,"Pretty sure he would be an RFA, so Richmond would just match whatever we're offering (unless we paid him way overs so they get band 2 compo) and make us trade for him anyway.",0.6705,pos
nd184y7,1nbdcq9,2025-09-08T04:45:19+00:00,Croob2,1,">I dont agree, using Hawthorns pick was not the only way to secure Baker. There were plenty of other options. 

It was 100% Hawthorns fault for chucking a hissyfit and trading away 14 to Carlton because we didn't hand Barrass over for a packet of chips

>pay our second rounder (bakers actual worth at the time)

I agree that's his worth but the bloke himself said he wanted Richmond to get a good deal, and I don't think trading future picks when you're as bad as we are is ever a good option",0.1965,pos
nd1b9cq,1nbd7w6,2025-09-08T05:11:23+00:00,Lucky_Afternoon3772,8,This moment and Karmichael Hunt‚Äôs goal against Richmond are two of Gold Coast‚Äôs greatest moments,0.6369,pos
nd1gg23,1nbd7w6,2025-09-08T05:57:05+00:00,Afterthought60,11,I'd add Noah Anderson's goal after the siren against Richmond too. Extra points for Huddo's commentary.,0.0,neu
nd0j56q,1nbb8sr,2025-09-08T01:58:42+00:00,Saaaave-me,19,Tasmanian tigers represent!,0.0,neu
nd0qn1v,1nba1e9,2025-09-08T02:44:27+00:00,Shadormy,3,"[He did pick 9 sides](https://www.sen.com.au/news/2025/02/23/david-king-names-his-top-8-for-the-2025-afl-season) but not bad.

Better than [his 2025 premier/runners-up predictions](https://www.foxsports.com.au/afl/fox-footy-commentators-crystal-ball-afl-predictions-for-2025-afl-predictions-2025-who-wins-premiership-flag-brownlow-medal-odds/news-story/7f8dc32e3d109367741b54e57994bbfe): 

>DAVID KING (Fox Footy expert analyst/First Crack)

>Top 8 changes: Fremantle, Melbourne, Gold Coast and Collingwood IN | Sydney, Port Adelaide, Carlton and Western Bulldogs OUT

>Premiers: Fremantle. ‚ÄúThey‚Äôre better stocked than any other team.‚Äù

>Runners-up: GWS Giants

>Wooden spoon: Richmond",0.6722,pos
nd0owbu,1nba1e9,2025-09-08T02:33:47+00:00,Shadormy,6,">Damian Barrett:

>Premier: Geelong

>Runner-up: Fremantle

>Wooden spoon: Richmond

>Moving up: Fremantle

>Set to fall: Western Bulldogs

...

>Will the Suns finally make finals?: Nup

[From Here](https://www.afl.com.au/news/1274339/expert-predictions-for-2025-aflcomaus-premiers-wooden-spooners-brownlow-medal-winner-rising-star-and-more). Not awful but predicting Freo to play the GF is a fairly wild one.

Out of the 10 on the AFL site, 5 had GWS in the Grand Final too. (2 had Freo, none had Blues or Swans). Only 1 had Suns playing finals and everyone picked the Tigers for the spoon.",0.8762,pos
nd1l5sq,1nba1e9,2025-09-08T06:40:42+00:00,ThunderBird2744,1,"Both are correct. 

Ask any Tigers fan what constitutes success for this season; beating Carlton in Round 1 made their season arguably, plus a few other wins when they weren't expected to get any. 

On the other hand, if its a perennial club that is contending or expected to have success over a long period, or been close enough to ultimate glory (call it what you will) that a GF loss would, on paper, make it appear that they'll easily back in the similar position in 12 months, when mentally, as the results have shown, its tougher to get there, just to even win a final. 

It arguably easier to win multiple premierships in a row than it is to lose a Grand Final with a huge margin and be back there the following season. 

What makes the 2024 loss sting worse for the Swans in my opinion was that they got badly beaten in 2022, (a team ahead of its time some can say - leading to 2023 down year), make it back in 2024 and not go close to winning it again, when they should have been much improved and more mentally prepared. Its both the coaching staff, and the players on the park. The Swans in 2025 would have been okay if they lost 2024 by a couple of goals (again debatable). The Swans should be aiming for finals again in 2026, with the aim of getting D.Cox his first finals win as a coach.",0.9829,pos
ncz6hxq,1nb4lty,2025-09-07T21:24:35+00:00,BIllyBrooks,33,"Genuinely believe Richmond would go winless, happy to have been wrong. Didn‚Äôt think West Coast would get that close to it though.",0.1531,pos
nd07u0z,1nb4lty,2025-09-08T00:51:07+00:00,b0rtbort,5,"- pies leading the ladder for most of the season

- carlton missing finals by a fair way

- tigers winning more than 3 games

- north not getting 7+ wins",0.1285,pos
nczvkg6,1nb4lty,2025-09-07T23:38:37+00:00,CreditToDuBois,2,"I thought Richmond were set to have an all-time stinker of a season

I thought Collingwood's age profile and reliance on ND for ball movement was going to get the best of them at some point",0.4019,pos
ncw86pr,1naqh7d,2025-09-07T12:35:23+00:00,Runtetra,20,"It‚Äôs ok, I saw Brandon Ellis running some laps at the local track the day before the first Suns v Richmond game this year, which was confusing to me, as I assumed they‚Äôd already be in Melbourne, and I asked him if he‚Äôs playing, then he told me he‚Äôs retired. 

I‚Äôm actually a massive Suns fan but I‚Äôd forgotten he‚Äôd retired.

My other super awkward Suns player interaction: 

Saw Matt Rowell and Noah Anderson at the beach kicking a soccer ball sometime during their first year with the Suns. I asked for a selfie with Matt but didn‚Äôt really recognise Noah üòÇ for the first few months Rowell was much more impactful than Anderson, and players always look slightly different in real life, thats my excuse anyway. It‚Äôs only in retrospect that I‚Äôve realised it was Noah. 

I‚Äôve also spotted Matt Rowell getting out of his car at a cafe with a hoodie, sunglasses, and hat on being incognito and just said ‚Äúhey Rowelly‚Äù and he was like ‚Äúhey mate‚Äù probably thinking ‚Äúshit how‚Äôd I get spotted immediately?‚Äù",0.8402,pos
ncvv7hw,1napz00,2025-09-07T10:53:52+00:00,aph1985,49,"That says, Hawks has never won at ENGIE




Also last few years, hawks has either beaten or drawn with premiers.¬†


2020:¬† Hawks vs Tigers, Hawks win by 32 points
2021: Hawks vs Demons draw (R18)
2022: Hawks vs Cats, Hawks win by 12 points
2023: Hawks vs Magpies, Hawks win by 32 points
2024: Hawks vs Lions, Hawks win by 25 points


2025, Hawks have beaten Collingwood, Adelaide.¬†",0.8226,pos
ncv6p6p,1namdp1,2025-09-07T07:02:42+00:00,Doc323467,74,"Probably 2.

The way he left Richmond still leaves a very sour taste in my mouth though, completely screwed over Taranto and Hopper by selling them the vision, and abandoning ship 10 games in to jump to a club with elite talent coming through in spades.

Still an excellent coach but I think that's always going to be a mark on his legacy.",0.1787,pos
ncv96h5,1namdp1,2025-09-07T07:24:41+00:00,sarcHastical,1,"He won a few at the Tigers, so a few at the Suns. Same amount at both. I can see him doing it too.",0.5719,pos
ncv76z5,1namdp1,2025-09-07T07:07:02+00:00,,26,Yeah could be argued he's a filthy mother F√óucker how he treated Mrs Hardwick but not when it comes to the  success at Richmond.,0.7096,pos
ncv9w08,1namdp1,2025-09-07T07:31:01+00:00,AlphonseGangitano,7,I‚Äôm a Richmond fan and I‚Äôve never had this thought. He gave us everything and was on the verge of being sacked and delivered 3 flags. How he left is irrelevant.¬†,0.3182,pos
ncvfujx,1nak4ep,2025-09-07T08:25:56+00:00,Ardeo43,1,"Great, I'll let all the Carlton fans who booed Milburn for a decade know that they were the ones in the wrong the entire time.  Add in all the Richmond fans who still boo Stewart as well while we're at it.  And maybe Melbourne supporters should spend more time cheering Maynard.",0.8617,pos
ncur75z,1najwuo,2025-09-07T04:46:52+00:00,sss133,54,"Pretty crazy. If you‚Äôd have told year 9 me in 2004 that Hawthorn and Geelong would win 4 flags, Richmond 3, WC, and fucking Melbourne, Sydney and Western Bulldogs breaking their premiership droughts (and the Swans doubling up) as well as Collingwood and WC getting 2 flags before Essendon win another final I‚Äôd have rightly called you insane",0.8316,pos
ncvmczg,1najwuo,2025-09-07T09:28:18+00:00,sss133,8,"A lot of my mates and clients joke that I should be sick of success but I‚Äôm like yeah nah we could go on a 50year slump. 

Had an 18 year old Richmond supporter as a client and I was trying to tell him how for me growing up, Richmond were todays Carlton/Essendon and he just couldn‚Äôt comprehend it. So at least it can turn around",0.8735,pos
ncvduhb,1najwuo,2025-09-07T08:07:20+00:00,sss133,8,So‚Äôd Richmond ü§£ but I‚Äôd have been more surprised at the 3&4 flags than a break through flag,0.4194,pos
ncvy0lb,1nahz6z,2025-09-07T11:18:43+00:00,FLIPSTATIC_ENERGY,1,I have essendon as geelongs first game. Richmond didnt enter the league until 1908,0.0,neu
ncur2t2,1nagiqp,2025-09-07T04:45:55+00:00,thedelinquents,6,"For some reason, he really plays well against WCE, North and Richmond. I have no idea why.",0.3551,pos
ncuf5qt,1nagdrp,2025-09-07T03:16:46+00:00,grantspatchcock,42,"Mick Malthouse on comms challenges me greatly.  
  
There is simply no one that even comes close to the level of insight he has into the game. I‚Äôve lost count of how many times he has completely called exactly what pans out in the next passages of play. He is simply exceptional at it.
  
He also got so mad calling a Richmond game last year that he was silent for a quarter.  
  
But on the flip side, he has the absolute worst takes on any sort of social issue in the game. Flat out doesn‚Äôt believe slurs of any sort should warrant suspensions.",-0.8627,neg
nctjht7,1nae43x,2025-09-06T23:59:23+00:00,No_Childhood_7665,336,"It helps when the 2 biggest players on the team are best friends from high school who commit to the club together and build culture. 
Culture isn't just from the top it is brought by the personalities in the team. I think this is often overlooked because skill and talent alone isn't enough but you need to pair it with the correct attitudes in the whole team.
 I'm very happy for gold coast because we all thought it was a basket case when co captains steven may and tom lynch left. Seeing the way those 2 go about things at richmond and melbourne now, I question their leadership abilities as captains of the team and not surprised they jumped ship.",0.9299,pos
ncz4bh1,1nadw8i,2025-09-07T21:14:03+00:00,ConoRiot,5,"Boos when they‚Äôre deserved are fine.

Case in point the Tigers fans booing Stewart in the last round.

He did something awful to Prestia so I think it‚Äôs only fair he gets booed.

What happened on Thursday is not ok.",-0.1994,neg
ncrk3op,1na1stf,2025-09-06T17:38:11+00:00,yiddoeagle,2,"Before the season, I‚Äôd have said that Richmond would be far more likely to have had to suffer a one or two win season, with what they‚Äôd done in stripping out their list: but the eagles are far worse, when they shouldn‚Äôt be! 

Every week the West Sport podcast assures me that the green shoots of recovery are showing, but I just can‚Äôt see anything but more pain for half a decade yet and it‚Äôs all on the management (and not the coach, or the players either really)",-0.8037,neg
ncqgxkg,1n9ztzz,2025-09-06T14:12:58+00:00,Teimy,2,"Personally I do not rate him, Unbelievable tagger, but the games moving past that need.

Hes good and obviously deserves an AFL gig but 600k a year sounded about right for him to me which is apparently what he was being offered. (Wanted 800k) 

I think ideally you want a guy like Dunkley who can tag when necessary, but most teams these days just go pound for pound, gun mid vs gun mid. 

Not really worth paying decent coin for someone who is a specialist tagger (unlucky for him because he was told to develop into that role for the past few years) And when he was given the reigns to get some pill himself he would get 30+ disposals for us, but we barely beat Richmond and Essendon in those games. That tells me he isnt creative enough when he gets the ball that much (or impactful) and probably abit of a stat padder in the handball chain. 

I really like him, seems like a good guy. But he‚Äôs kind of over rated by Saints fans. I know full well i‚Äôd cop alot of flack for this among other fans, but I truly believe this, this is just my opinion though. 

Good luck to him, get the bag",0.9889,pos
nctyuuw,1n9zbc9,2025-09-07T01:33:19+00:00,porsella69,6,"I can‚Äôt disagree at all, Dusty is 100% the greatest finals/big game player probably of all time but going purely off the eye test, for me it‚Äôs GAJ and Fyfe top 2, both just had the raw instinct of see ball get ball as well as be one of the best night in night out in some absolutely shocking teams. Danger had a knack to make the wrong decisions or just be poor by foot for a game every now and then, and Dusty had the ability to kind of go into cruise control in that Richmond side and let the others do the work around him. (Once again not discrediting them, top 5 in the modern afl is not a sledge by any means)",-0.399,neg
nd0sw0m,1n9ypyd,2025-09-08T02:58:21+00:00,BanzBear,1,"Why not? He was with Richmond forever... They were entering a rebuild and he said he's not the man to do it. Takes years of commitment for that, and he probably wanted a fresh start.",0.5994,pos
ncq9fde,1n9ygl2,2025-09-06T13:28:34+00:00,Kozeyekan_,33,"The Guangzhou Super Tigers. 

They'll enter the league in 2076.",0.5994,pos
nctze15,1n9ycev,2025-09-07T01:36:38+00:00,No_Independent936,3,"GWS beat Adelaide before they beat Collingwood, Essendon, Fremantle, Geelong, North, Richmond and West Coast, so not true.",-0.3839,neg
ncqpazi,1n9yas7,2025-09-06T14:59:31+00:00,Doc323467,36,"It was a very good round of finals, but doesn't come close to the 2022 Week 1 of Finals for mine.

Brisbane vs Richmond was unbelievable, Sydney getting the upset win over Melbourne, Geelong vs Collingwood was one of the all time great Qualifying Finals (and probably was the last hurdle Geelong fully needed to jump in order to win the flag), and then Fremantle with a historic comeback over the Bulldogs. I don't think anything will ever top that to be honest.",0.9766,pos
ncq0h0v,1n9ya2c,2025-09-06T12:29:41+00:00,Plenty_Area_408,39,Took 100 years to get Richmond Hawks.,0.0,neu
ncq0vwx,1n9ya2c,2025-09-06T12:32:34+00:00,Bergasms,12,Imagine losing to Hawthorn in a final? Couldn't be my Tigers,-0.3818,neg
ncq2lq8,1n9ya2c,2025-09-06T12:44:25+00:00,Shadormy,9,Dogs v Richmond hasn't happened yet. Dogs v Blues also.,0.0,neu
nctmy8h,1n9ya2c,2025-09-07T00:20:08+00:00,bdm68,1,"Hawthorn and Richmond made the finals in the same year in 1971, 1974, 1975, 1977, 1982, 2001, 2013, 2014 and 2015 without meeting in a final before meeting in a qualifying final in 2018.",0.0,neu
nctxtlh,1n9y9l7,2025-09-07T01:26:48+00:00,TimothyLuncheon,3,"Doesn't matter if it wasn't. It's one of the only times I've seen where something that is clearly inconclusive doesn't go with the umpires call and overturns it. Then they just said ""oh we have other angles"", even though the angles they look at are the ones they show on TV. And Lynch does agree that we got shafted, he said he still can't believe it on the Tigers podcast a few months ago. It's not outrageous to say it's beyond stupid that something inconclusive overturned the umpires call (never seen it happen again until a game earlier this year)",0.4949,pos
ncq4sgi,1n9y9dw,2025-09-06T12:59:00+00:00,DemocraticPants,3,"Hardwick after 6 years coaching Richmond had 3 finals appearances and 0 wins and is now making a case for best coach of the 21st century.


Fremantle showed a lot of progress this season and the players love him.",0.9423,pos
ncpicql,1n9u3me,2025-09-06T09:56:34+00:00,thehungryhippocrite,-6,"The swans were worse than the bulldogs in the 2016 grand final and probably would have lost and the umpiring was completely and utterly fucked and deserved everything it got.

The giants just lost after a crazy comeback, lost their best young player midway through the game who would have been massive in the endgame and he‚Äôs now gone probably for all of 2026, and also lost their most dependable backman in the final quarter. I think we‚Äôre allowed to be a bit disappointed.

And the umpiring was fucked. It‚Äôs been fucked all season across the entire AFL and everyone knows it. And the giants had the worst free kick differential in the comp in this year that everyone says was fucked expect for Essendon who are irrelevant. The giants are the only team that is simultaneously in the bottom 5 for free kicks for and in the top 5 for free kicks against.

In the years the giants have looked their absolute best (and 2019 was not one of these) the umpiring has been between bad and atrocious in the finals they‚Äôve lost including the 2016 prelim which was far worse than the 2016 grand final, and in 2023 where they got royally fucked. 

The only team over the last entire 10 years that has a worse free kick differential than the giants is Richmond and they have three fucking premierships so who cares. Happy to share with you the stats. 

Absolutely no one in the comp has the right that the giants have to be furious at the umpiring, and this year‚Äôs umpiring has been the worst in many seasons.",-0.9892,neg
ncp8vg6,1n9u3me,2025-09-06T08:19:10+00:00,No_Independent936,3,They nearly lost to Richmond and would've lost a lot of games if the opposition kicked straight. You just knew they weren't a threat,0.0196,neu
ncpoant,1n9twov,2025-09-06T10:53:14+00:00,NuuuDaBeast,11,"I‚Äôve seen enough, Suns beat Lions Pies Cats for the greatest finals run of all time. They threepeat cementing Dimma as the goat, they rebrand to the Goldcoast Tigers",0.6369,pos
ncpsipp,1n9twov,2025-09-06T11:30:00+00:00,yokobarron,6,Why does Luke Ryan look like he should be lining up as Full Forward for the Cobram Tigers Ressies and smoking a dart behind the sheds at three-quarter time?,0.3612,pos
ncpiqd4,1n9twov,2025-09-06T10:00:27+00:00,TreacleMajestic978,5,I don‚Äôt ever remeber shai bolton being this frustrating to watch at Richmond,-0.5228,neg
ncpny06,1n9twov,2025-09-06T10:50:01+00:00,Adorable-Pilot4765,4,"How has Clark still not come off for a HIA? He landed straight on his head from about 8 feet in the air, if this was round 8 against Richmond or something he‚Äôd be in the sheds.",0.2263,pos
ncp89af,1n9twov,2025-09-06T08:13:01+00:00,Created_By_InGen,2,Let‚Äôs go Richmond Tigers B!!!,0.0,neu
ncpsz7e,1n9twov,2025-09-06T11:33:44+00:00,MomentsOfDiscomfort,2,It‚Äôs just crazy how much you can see the late 2010s Richmond DNA in how Gold Coast play. He‚Äôs a cunt but credit to Hardwick for what he‚Äôs done with this club,0.4404,pos
ncpyyb1,1n9twov,2025-09-06T12:18:59+00:00,Bergasms,2,"Tigers know, freo can still do it",0.0,neu
ncpx8c5,1n9twov,2025-09-06T12:06:34+00:00,nufan86,1,As a Richmond fan I forgot what good footy looks like. Been a day.,0.7717,pos
ncppiue,1n9twov,2025-09-06T11:04:20+00:00,matthew_anthony,6,"They feel very 2022 Pies, 2016 Tigers esque- a year of heartbreak and they‚Äôll probably finish top 4 next year and be a serious threat",-0.765,neg
ncpqphm,1n9twov,2025-09-06T11:14:47+00:00,bemmisbaggins666,3,Reminds me of dimma tigers,0.0,neu
ncpj2lk,1n9twov,2025-09-06T10:03:51+00:00,Anon_be_thy_name,1,Did you watch him Richmond? Everything he did was 50/50 brilliant or completely shit,-0.024,neu
ncpzo97,1n9twov,2025-09-06T12:24:04+00:00,Regional_King,2,Doesn‚Äôt suit the game plan. Better at the tigers,0.4404,pos
ncq4n6t,1n9twov,2025-09-06T12:58:02+00:00,mildCombustion,3,I used to hate he was the Richmond coach. As I hated the club but couldn't hate him,-0.875,neg
ncpn801,1n9twov,2025-09-06T10:43:25+00:00,TimothyLuncheon,1,Happens to the Tigers a hell of a lot,-0.6808,neg
ncpfyj8,1n9twov,2025-09-06T09:32:01+00:00,baldmanjones,2,Richmond vs GWS prelim final 2017,0.0,neu
ncq2bi2,1n9twov,2025-09-06T12:42:28+00:00,Regional_King,1,He played at Richmond 30/40m out only see him deep in the pocket with your lot.,0.34,pos
ncpm0oa,1n9qsw6,2025-09-06T10:32:08+00:00,Correct_Chemical5179,4,Richmond were still in the VFA back then.,0.0,neu
ncot3df,1n9r0cn,2025-09-06T05:48:15+00:00,Plenty_Area_408,6,"As someone who is colourblind, I find this a harder matchup than Richmond/Carlton or Essendon/Carlton. Shorts are the only saving grace",0.4215,pos
ncopncf,1n9r0cn,2025-09-06T05:18:27+00:00,LukesLovelyComments,-1,Carlton and Richmond are far worse,-0.4767,neg
ncopsyr,1n9r0cn,2025-09-06T05:19:45+00:00,WillTendo92,-1,100 years and we had no trouble with pies v north and bombers and tigers,-0.5994,neg
